video,text
0001.mp4,"Ice cream is a beloved frozen dessert made from dairy or plant-based milks with added sweeteners and flavorings to give it a smooth, creamy, rich taste. It is a versatile treat that comes in different flavors and can be enjoyed in cones, cups, or as part of creative desserts."
0002.mp4,"KFC (Kentucky Fried Chicken) is a world-renowned fast food chain that serves a range of foods including hamburgers, French fries, and fried chicken."
0003.mp4,"Nike athletic shoes are renowned for their comfort, durability and iconic design, and whether it's running, basketball, training, or lifestyle wear, Nike's extensive range ensures there's a perfect fit for everyone looking for high-quality, stylish and functional footwear."
0004.mp4,"Pepsi is a globally recognized carbonated soft drink known for its bold, refreshing taste and the perfect combination of sweetness and fizz."
0005.mp4,"The mobile phone is an essential communication device that has evolved into a powerful tool integrating advanced functions such as calling, text messaging, Internet browsing, photography and mobile applications."
0006.mp4,"PUMA shoes are known for their blend of style, comfort and performance, making them a popular choice for athletes and casual wearers alike."
0007.mp4,"Soda is a popular carbonated beverage known for its refreshing, bubbly taste and a variety of flavors, from classic cola and lemon-lime to fruity and exotic drinks."
0008.mp4,"Sunglasses are a practical and fashionable accessory designed to protect the eyes from harmful UV rays, reduce glare and improve visual comfort and clarity in bright conditions."
0009.mp4,"The Trolley Case is an essential travel companion designed for convenience and practicality. With its sturdy wheels, retractable handle and spacious compartments, it provides easy maneuverability and efficient packing for trips of any length."
0010.mp4,"UNIQLO is a global apparel retailer offering a wide variety of apparel for men, women and children, including basics such as T-shirts, jeans and outerwear, as well as innovative products such as warm HEATTECH and breathable AIRism."
0011.mp4,"Apple Watch is a versatile and sophisticated smartwatch that combines the power of advanced technology with stylish design. It provides users with notifications, fitness tracking, heart rate monitoring, electrocardiogram readings, GPS navigation and more."
0012.mp4,"A timeless and essential piece of formal wear, the men's suit embodies sophistication, confidence and style. A well-fitted suit exudes confidence and professionalism and is appropriate for business meetings, formal events and special occasions."
0013.mp4,"Men's eyewear is a fusion of function and fashion, designed to provide clear vision while complementing a variety of styles and lifestyles. Whether it's reading, computer use, or outdoor activities, there are glasses to meet specific needs."
0014.mp4,"Men's trousers are an essential part of any wardrobe, designed to provide comfort, style and versatility. Key features typically include a tailored fit, utility pockets and high-quality fabrics, ensuring comfort and durability."
0015.mp4,"Men's leather shoes are a timeless staple in a gentleman's wardrobe, offering a blend of elegance, sophistication and durability. Men's dress shoes can be paired seamlessly with formal attire for work, weddings, business meetings or upscale social events."
0016.mp4,"A sports car is a high-performance luxury automobile designed for speed, agility and an exciting driving experience. A sports car is the epitome of automotive excellence, a statement of status and passion for driving."
0017.mp4,"GTA5(Grand Theft Auto V) is an open-world action-adventure game developed by Rockstar Games that has received widespread acclaim for its immersive gameplay, stunning graphics, and rich storyline."
0018.mp4,"Comfort sneakers for seniors are specially designed shoes that prioritize support, cushioning, and ease of wearing. These shoes typically feature lightweight construction, breathable materials, and non-slip soles to provide stability and prevent falls."
0019.mp4,"The Nintendo Switch is a versatile gaming console that offers a unique hybrid design that allows users to play games on the go and at home. It makes it a great choice for entertainment between family games."
0020.mp4,"A massage gun is a handheld, portable device designed to deliver targeted percussion therapy to muscles. This tool uses quick bursts of pressure to penetrate deep into muscle tissue, helping to relieve pain, improve circulation, and speed recovery after physical activity."
0021.mp4,"Toiletries include a wide range of cleaning products designed to keep the body, hair and face hygienic and well maintained."
0022.mp4,"Men's perfume, or cologne, is more than just a scent - it's a reflection of personality, confidence and style. Black people seem to be more interested."
0023.mp4,"Cruise vacations offer a unique blend of travel, relaxation, and adventure, all in one convenient package. Cruising allows travelers to explore multiple destinations without having to change hotels or transportation, as luxurious ships can ferry them from port to port."
0024.mp4,"A massage chair is a luxurious piece of furniture designed to provide the relaxation and wellness benefits of a professional massage in the comfort of your own home. It can provide a full body experience targeting areas such as the neck, shoulders, back and legs to relieve muscle tension, improve blood circulation and reduce stress."
0025.mp4,"Wine is a timeless and complex beverage made from fermented grapes, cherished for its rich flavors, aromatic notes and unique experience. Wine comes in many types, including red, white, rosé and sparkling, each with unique characteristics that suit different tastes and occasions."
0026.mp4,"A luxury men's watch is more than just a timepiece - it's a reflection of elegance, craftsmanship and status. High-end watches are carefully crafted through precision engineering and often contain complex functions such as chronographs, perpetual calendars and intricate mechanical movements."
0027.mp4,"Foundation is an essential cosmetic product that provides a smooth, even base for makeup application. Foundations are now available to suit a wide range of skin tones and undertones, ensuring every user is perfectly matched and that a flawless, natural-looking makeup lasts all day."
0028.mp4,"Lipstick is a classic, versatile makeup product that adds color, style and confidence to any look. Available in a variety of finishes including matte, satin, glossy and sheer, lipstick enhances the natural shape of lips while expressing personal style. From timeless reds and pinks to bold purples and deep wines, there is a perfect lipstick for every skin tone and occasion."
0029.mp4,"Body cream is a nutrient-rich skin care product designed to moisturize and protect the skin, leaving it feeling soft and smooth. Body lotions contain emollients, humectants, and are often enriched with vitamins E and C to help lock in moisture and restore the skin's natural barrier."
0030.mp4,"POP MART is a trendy and innovative brand known for its collectible art toys and blind box figures that have captured the hearts of collectors and enthusiasts. Each box contains a series of surprise figures, allowing you to excitedly discover new limited edition figures."
0031.mp4,"For young women, a backpack is more than just a functional accessory; it combines style, convenience, and versatility. Designed to be both stylish and functional, these backpacks come in a variety of colors, patterns, and materials, from smooth leather to lightweight fabrics."
0032.mp4,"Dresses for young women are a fashion staple that embodies elegance and versatility. With styles ranging from casual sundresses to chic cocktail dresses and sophisticated evening gowns, dresses are the perfect choice to express your personal style and embrace your femininity."
0033.mp4,"Eyeshadow is a versatile makeup product that can enhance the eyes by adding depth, color, and dimension. Eyeshadow comes in a wide range of colors and finishes, from matte and shimmer to metallic and glitter, allowing for endless creativity in your makeup look."
0034.mp4,"Instax cameras are a fun and instant way to capture and cherish memories. Compact, stylish and easy to use, Instax cameras are perfect for taking photos that are instantly printed, creating tangible keepsakes in seconds. With vibrant film options and a variety of shooting modes, users can personalize their photography experience and enjoy spontaneous, high-quality prints."
0035.mp4,"Starbucks coffee is recognized around the world as a symbol of quality, consistency and rich flavor. With its diverse menu of expertly crafted beverages, Starbucks offers everything from classic brewed coffee and espresso to specialty beverages such as lattes, cappuccinos, and seasonal favorites."
0036.mp4,"Foundation is an essential cosmetic product that provides a smooth, even base for makeup application. Foundations are now available to suit a wide range of skin tones and undertones, ensuring every user is perfectly matched and that a flawless, natural-looking makeup lasts all day.",Foundation
0037.mp4,"A beach vacation is the perfect combination of relaxation, adventure, and natural beauty. Whether you're soaking up the sun, playing in the waves, or strolling along the shoreline at sunset, a trip to the beach offers a chance to escape the hustle and bustle of everyday life. Many beach destinations offer a variety of activities, including swimming, snorkeling, surfing, beach volleyball, and the chance to take a boat trip and explore the local seafood delicacies.",Travel
0038.mp4,"Skin care products are essential for maintaining healthy, radiant skin and addressing specific skin concerns. Made with a blend of nourishing ingredients, these products range from moisturizers and serums to cleansers and exfoliators, each playing a unique role in a comprehensive skin care routine."
0039.mp4,"Lululemon is a premium brand known for its high-quality, fashionable and functional activewear designed to empower women in and out of the gym. Their products, including leggings, sports bras, tops and jackets, are crafted from advanced fabrics that provide exceptional comfort, flexibility and support."
0040.mp4,"MAC lipstick is an iconic beauty product, renowned for its high-quality formula, rich pigmentation and wide range of shades. With finishes including matte, satin and gloss, and from classic red lips to subtle nudes or bold berries, MAC lipstick offers options for every look."
0041.mp4,"High heels are more than just shoes for young women – they are a symbol of confidence, elegance and personal style. Designed in a variety of heels, from classic stilettos to block and mid-heels, high heels add a touch of sophistication to any outfit. Crafted with comfort-enhancing features like cushioned insoles and supportive arches, modern high heels can be both stylish and functional."
0042.mp4,"Cartier jewelry represents the pinnacle of luxury, elegance and timeless craftsmanship. Cartier is renowned for its exquisite designs and unrivaled quality, from delicate necklaces and bracelets to iconic rings and earrings, often featuring precious metals and gemstones. Each item is meticulously crafted to embody contemporary style and classic tradition, making Cartier a symbol of sophistication and prestige."
0043.mp4,"Women's vitamins are specially formulated to meet the unique nutritional needs of women at different stages of life. These supplements often include a comprehensive blend of essential vitamins and minerals, such as vitamins A, C, D, E, and vitamin B complex, as well as key nutrients like iron, calcium, and folate. Some formulas also contain additional ingredients, such as biotin for hair and nail health, antioxidants for glowing skin, and omega-3 fatty acids for heart and brain support. Women's vitamins are designed to boost energy, support immune health, and contribute to overall well-being, making them an important part of a healthy lifestyle."
0044.mp4,"Cruise vacations offer a seamless blend of luxury, adventure, and relaxation while exploring beautiful destinations around the world. Cruise ships are equipped with first-class amenities, including fine dining, spas, pools, live entertainment, and a variety of activities tailored for guests of all ages. Travelers can visit multiple destinations without the hassle of packing and unpacking, as their accommodations travel with them. Cruise ships offer a unique travel experience that caters to both the adventure seekers and those looking for laid-back relaxation."
0045.mp4,"IKEA is a globally recognised home furnishing brand, renowned for its modern, practical and affordable furniture and home accessories. IKEA offers a wide range of products to suit different tastes and lifestyles, from stylish sofas and dining tables to smart storage solutions and decorative items. Their innovative, space-saving designs are ideal for maximising small spaces, and the brand's commitment to sustainability is reflected in their many eco-friendly product lines."
0046.mp4,"Organic vegetables are grown using natural farming methods without the use of synthetic pesticides, fertilizers, and GMOs. These vegetables are grown in nutrient-rich soil and cultivated using sustainable practices to ensure they are free of harmful chemicals, making them a healthier choice for consumers and better for the environment. Organic vegetables often have a fresher taste, higher nutritional content, and reduced exposure to synthetic residues, providing peace of mind for those who prioritize health and sustainability in their diet."
0047.mp4,"Laundry detergent is an essential household product that keeps clothes clean, fresh, and free of dirt, stains, and odors. Whether for everyday laundry or tackling stubborn stains, a high-quality detergent helps preserve the life and appearance of your clothes."
0048.mp4,"Medical devices include a wide range of equipment and tools designed to assist in diagnosing, monitoring, treating and managing health conditions. From mobility aids such as wheelchairs and walkers to monitoring devices such as blood pressure monitors and blood glucose meters, medical devices play a vital role in improving quality of life and promoting independence. High-quality medical devices are designed to be reliable, safe and easy to use, ensuring individuals receive the care and support they need at home."
0049.mp4,"Egg white protein powder, also known as egg white protein powder, is a high-quality, complete protein supplement derived from egg whites. Rich in essential amino acids, it is an excellent source of protein for muscle growth, recovery, and overall health. Egg white powder is low in fat and carbohydrates, making it a great option for those looking to increase their protein intake without adding calories. It is commonly used in protein shakes, baking, and cooking, providing a versatile, easy-to-mix ingredient for fitness enthusiasts and individuals with dietary needs."
0050.mp4,"Electronic health bracelets are wearable devices designed to monitor and track various health indicators to support an active, health-conscious lifestyle. These smart bracelets typically include features such as heart rate monitoring, step counting, sleep tracking, and activity reminders to help users understand their daily health. Electronic health bracelets are stylish and lightweight, comfortable to wear all day, and are an effective tool for staying health-conscious."
0051.mp4,"Health care products include a wide range of items designed to support overall wellness, manage specific health conditions, and improve quality of life. These products include supplements, personal care items, medical devices, and health monitoring devices. Carefully crafted, many health care products incorporate scientifically backed ingredients or technologies to provide effective and reliable support."
0052.mp4,"A treadmill is a versatile piece of fitness equipment that allows users to walk, jog, or run in the comfort of their own home. Equipped with features such as adjustable speed, incline settings, and pre-set workout programs, treadmills are suitable for a variety of fitness levels and goals. Modern models often come with advanced features such as heart rate monitors, digital displays, and fitness app connectivity to enhance the workout experience. Whether it's for weight loss, cardiovascular health, or overall fitness, treadmills offer an effective, convenient way to stay active regardless of weather or time of day."
0053.mp4,"Essentials are basic, high-quality pieces that form the foundation of a versatile wardrobe or everyday life. These pieces are designed for simplicity, comfort, and timeless style, making them perfect for every occasion. Whether it's a classic t-shirt, cozy loungewear, practical outerwear, or essential accessories, these essentials are carefully crafted to provide effortless style and lasting wear. Made from premium fabrics with attention to detail, these staples offer comfort and durability, blending functionality with understated elegance."
0054.mp4,"Cartier watches are the epitome of luxury, craftsmanship and timeless elegance. Renowned for their meticulous attention to detail and sophisticated design, Cartier timepieces combine high-quality materials such as gold, stainless steel and precious gemstones with precision Swiss watchmaking. From the iconic Tank and Santos de Cartier to the elegant Ballon Bleu collection, each watch embodies the Cartier tradition of innovation and style. Whether adorned with diamonds or kept simple, these watches are reliable timepieces and statements of prestige and sophistication."
0055.mp4,"An Hermès handbag is more than just an accessory - it is a symbol of timeless elegance, exceptional craftsmanship and prestige. Each Hermès handbag is meticulously handcrafted by skilled artisans using the finest leathers and materials to create a piece that embodies luxury and sophistication. Iconic styles like the Birkin and Kelly have become synonymous with exclusivity and style, and are coveted by fashion connoisseurs and collectors around the world."
0056.mp4,"Christian Louboutin (CL) heels are the epitome of luxury, elegance and a fashion statement. Known for their signature red soles, Louboutin's meticulously crafted shoes are made with great attention to detail and high-quality materials, offering the perfect blend of sophistication and bold style. These heels come in a variety of designs, from classic pumps to sophisticated, fashion-forward styles featuring unique embellishments, textures and silhouettes. Each pair embodies timeless beauty and craftsmanship, making them more than just footwear, but a piece of art that elevates any outfit."
0057.mp4,"Cheers to the moment, enjoy the taste. Refresh your day with every sip of our beer!"
0058.mp4,"The next level of gaming is here. With stunning visuals, lightning-fast load times, and immersive gameplay, experience the future of entertainment today. Unleash your power, and play like never before."
0059.mp4,"The legend begins here. A symbol of boldness, innovation, and style, the AJ1 is more than just a sneaker—it’s a statement. With its timeless design and unmatched comfort, it’s built for those who dare to lead. Step into history, step into AirJordan1"
0060.mp4,"Unleash precision, power, and performance. Every curve, every detail designed for those who demand the extraordinary. Drive the legend, experience the thrill of Porsche."
0061.mp4,"Gear up for greatness. With our top-tier rugby equipment, you’re ready to tackle every challenge with strength, speed, and precision. Built for the toughest, designed for the bold—dominate the game!"
0062.mp4,"Feel the sound, experience the power. Our speakers bring every beat to life with crystal-clear clarity and deep, immersive bass. Elevate your music, elevate your world."
0063.mp4,"Glow from within with our skincare collection. Nourish, hydrate, and protect your skin with ingredients that care for you, every day. Radiance starts here."
0064.mp4,"Powerful clean, gentle care. Our washing machine delivers spotless results while protecting your clothes, giving you more time to enjoy life. Wash smarter, live better."
0065.mp4,"Free your hands, effortless cleaning. Our robotic vacuum features smart navigation, precise cleaning, and automatic charging—keeping your home spotless at all times. Make life easier, with no corner left behind."
0066.mp4,"Ride with style, skate with confidence. Our apparel is designed for those who live for the thrill—bold, durable, and made to move with you. Unleash your edge, elevate your ride."
0067.mp4,"Crafted for the bold, worn by the confident. Our men's jewelry collection blends timeless elegance with modern edge, designed to elevate every look. Make a statement, own your style."
0068.mp4,"Explore without limits. Our outdoor gear is built to withstand the elements, keeping you prepared for every adventure. Durable, reliable, and ready for the wild—gear up and conquer the outdoors!"
0069.mp4,"Transform your body, elevate your life. Our gym offers top-notch equipment, expert trainers, and a motivating community. Start your fitness journey today—because your best self begins here!"
0070.mp4,"Every piece tells a story, handcrafted with care and passion. From our hands to your home, discover the beauty of artistry in every detail. Unique, timeless, and made just for you."
0071.mp4,"Stay warm, stay stylish. Our jackets are designed to keep you cozy while making a statement. Whether it's a chilly day or a fashion moment, find the perfect fit to elevate your look and embrace the season."
0072.mp4,"Elegance that shines through every detail. Our collection of exquisite jewelry is designed to make every moment special, adding a touch of luxury to your everyday. Celebrate your beauty with timeless pieces crafted just for you."
0073.mp4,"Unleash your confidence with every swipe. Our vibrant lipsticks deliver bold color and long-lasting wear, perfect for making a statement. Find your signature shade and let your lips speak volumes."
0074.mp4,"Softness, comfort, and protection for your little one. Our baby diapers are designed with gentle care to keep your baby dry and happy all day long. Trust in the best for your baby’s delicate skin."
0075.mp4,"Indulge in the luxury of smooth, soft skin with every wash. Our fragrant soaps, enriched with natural ingredients, gently cleanse and nourish, leaving you feeling fresh and refreshed all day long."
0076.mp4,"Glow from within with skincare that cares. Our products, crafted with natural ingredients, nourish, hydrate, and protect your skin, revealing your true radiance. Pamper yourself with the ultimate in skincare luxury."
0077.mp4,"Indulge in the finest craftsmanship and timeless elegance. Our luxury brand represents sophistication, exclusivity, and a life well-lived. Elevate your style with pieces that transcend trends and make every moment extraordinary."